titulo,url

Front-End Web Developer,https://stackoverflow.com/jobs/157538/front-end-web-developer-blackrock

"Software Engineer: Fresh8 - learn Golang, Node.js, Python",https://stackoverflow.com/jobs/157532/software-engineer-fresh8-learn-golang-nodejs-employer-represented-by

Sr. Software Engineer,https://stackoverflow.com/jobs/157530/sr-software-engineer-comcast

"Architect 4, Architecture",https://stackoverflow.com/jobs/157531/architect-4-architecture-comcast

"Full-stack Engineer (Angular 2/React, Angular.js, Node.js, AWS)",https://stackoverflow.com/jobs/125271/full-stack-engineer-angular-2-react-angularjs-semanticbits
